-- Очистка данных
TRUNCATE TABLE cart_items, order_items, orders, products, categories, stores CASCADE;

-- Категории
INSERT INTO categories (id, name, slug, icon, sort_order) VALUES
('11111111-1111-1111-1111-111111111111', 'Фрукты', 'fruits', '🍎', 1),
('22222222-2222-2222-2222-222222222222', 'Овощи', 'vegetables', '🥕', 2),
('33333333-3333-3333-3333-333333333333', 'Молочные продукты', 'dairy', '🥛', 3),
('44444444-4444-4444-4444-444444444444', 'Мясо и птица', 'meat', '🍖', 4),
('55555555-5555-5555-5555-555555555555', 'Хлеб и выпечка', 'bakery', '🍞', 5);

-- Товары
INSERT INTO products (id, name, description, price, old_price, category_id, image, rating, in_stock) VALUES
('a1111111-1111-1111-1111-111111111111', 'Яблоки Гренни Смит', 'Свежие зеленые яблоки', 120.00, 150.00, '11111111-1111-1111-1111-111111111111', 'https://placehold.co/300x300/e8f5e9/2e7d32?text=🍎', 4.5, true),
('a2222222-2222-2222-2222-222222222222', 'Бананы', 'Спелые бананы из Эквадора', 80.00, NULL, '11111111-1111-1111-1111-111111111111', 'https://placehold.co/300x300/fff9c4/f57f17?text=🍌', 4.8, true),
('a3333333-3333-3333-3333-333333333333', 'Апельсины', 'Сочные апельсины', 100.00, NULL, '11111111-1111-1111-1111-111111111111', 'https://placehold.co/300x300/ffe0b2/e65100?text=🍊', 4.6, true),
('b1111111-1111-1111-1111-111111111111', 'Помидоры', 'Свежие томаты', 90.00, NULL, '22222222-2222-2222-2222-222222222222', 'https://placehold.co/300x300/ffebee/c62828?text=🍅', 4.4, true),
('b2222222-2222-2222-2222-222222222222', 'Огурцы', 'Хрустящие огурцы', 70.00, NULL, '22222222-2222-2222-2222-222222222222', 'https://placehold.co/300x300/e8f5e9/388e3c?text=🥒', 4.3, true),
('c1111111-1111-1111-1111-111111111111', 'Молоко 3.2%', 'Свежее молоко', 65.00, NULL, '33333333-3333-3333-3333-333333333333', 'https://placehold.co/300x300/e3f2fd/1976d2?text=🥛', 4.7, true),
('c2222222-2222-2222-2222-222222222222', 'Творог 5%', 'Домашний творог', 110.00, NULL, '33333333-3333-3333-3333-333333333333', 'https://placehold.co/300x300/fff3e0/f57c00?text=🧀', 4.6, true),
('d1111111-1111-1111-1111-111111111111', 'Куриная грудка', 'Охлажденная грудка', 280.00, 320.00, '44444444-4444-4444-4444-444444444444', 'https://placehold.co/300x300/fce4ec/c2185b?text=🍗', 4.8, true),
('e1111111-1111-1111-1111-111111111111', 'Хлеб белый', 'Свежий хлеб', 45.00, NULL, '55555555-5555-5555-5555-555555555555', 'https://placehold.co/300x300/efebe9/5d4037?text=🍞', 4.5, true),
('e2222222-2222-2222-2222-222222222222', 'Батон нарезной', 'Мягкий батон', 40.00, NULL, '55555555-5555-5555-5555-555555555555', 'https://placehold.co/300x300/f5f5f5/757575?text=🥖', 4.4, true);

-- Магазины
INSERT INTO stores (id, name, address, phone, location, is_active) VALUES
('f1111111-1111-1111-1111-111111111111', 'Базар Центральный', 'ул. Ленина, 1', '+7 (999) 123-45-67', ST_SetSRID(ST_MakePoint(37.6173, 55.7558), 4326), true),
('f2222222-2222-2222-2222-222222222222', 'Базар Южный', 'ул. Мира, 10', '+7 (999) 234-56-78', ST_SetSRID(ST_MakePoint(37.6273, 55.7458), 4326), true),
('f3333333-3333-3333-3333-333333333333', 'Базар Северный', 'пр. Победы, 5', '+7 (999) 345-67-89', ST_SetSRID(ST_MakePoint(37.6073, 55.7658), 4326), true);
